Price,Adj Close,Close,High,Low,Open,Volume
Ticker,GOOG,GOOG,GOOG,GOOG,GOOG,GOOG
Date,,,,,,
2023-02-02,108.41046905517578,108.80000305175781,108.81999969482422,106.54000091552734,106.79000091552734,46622600
2023-02-03,104.8432846069336,105.22000122070312,108.0199966430664,103.30000305175781,103.51000213623047,36823400
2023-02-06,103.09955596923828,103.47000122070312,104.69999694824219,102.20999908447266,102.68499755859375,25573000
2023-02-07,107.65319061279297,108.04000091552734,108.66999816894531,103.5479965209961,103.62999725341797,33738800
2023-02-08,99.64197540283203,100.0,103.58000183105469,98.45500183105469,102.69000244140625,73546000
2023-02-09,95.11823272705078,95.45999908447266,100.61000061035156,93.86000061035156,100.54000091552734,97798600
2023-02-10,94.52037811279297,94.86000061035156,97.0199966430664,94.52999877929688,95.73999786376953,49325300
2023-02-13,94.65987396240234,95.0,95.3499984741211,94.05000305175781,95.01000213623047,43116600
2023-02-14,94.61005401611328,94.94999694824219,95.17500305175781,92.6500015258789,94.66000366210938,42513100
2023-02-15,96.75235748291016,97.0999984741211,97.33999633789062,94.36000061035156,94.73999786376953,36964500
2023-02-16,95.43708038330078,95.77999877929688,97.87999725341797,94.97000122070312,95.54000091552734,35642100
2023-02-17,94.2513427734375,94.58999633789062,95.75,93.44999694824219,95.06999969482422,31095100
2023-02-21,91.72045135498047,92.05000305175781,93.41500091552734,92.0,93.23999786376953,28367200
2023-02-22,91.47134399414062,91.80000305175781,92.36000061035156,90.87000274658203,91.93399810791016,29891100
2023-02-23,90.74394989013672,91.06999969482422,92.12999725341797,90.01000213623047,92.12999725341797,32423700
2023-02-24,89.03010559082031,89.3499984741211,90.12999725341797,88.86000061035156,89.62999725341797,31295600
2023-02-27,89.77742004394531,90.0999984741211,90.44999694824219,89.61000061035156,90.08999633789062,22724300
2023-02-28,89.9767074584961,90.30000305175781,91.44999694824219,89.5199966430664,89.54000091552734,30546900
2023-03-01,90.18595123291016,90.51000213623047,91.19999694824219,89.8499984741211,90.16000366210938,26323900
2023-03-02,91.97950744628906,92.30999755859375,92.4800033569336,89.7699966430664,89.86000061035156,23328600
2023-03-03,93.68338012695312,94.0199966430664,94.11000061035156,92.66000366210938,92.73999786376953,30242500
2023-03-06,95.23780059814453,95.58000183105469,96.30000305175781,94.30000305175781,94.36000061035156,28288200
2023-03-07,93.83283996582031,94.16999816894531,96.08999633789062,93.84400177001953,95.41999816894531,24101500
2023-03-08,94.3111343383789,94.6500015258789,96.23999786376953,94.40499877929688,94.40499877929688,25395200
2023-03-09,92.32826232910156,92.66000366210938,95.91999816894531,92.3550033569336,94.48999786376953,24438900
2023-03-10,90.68416595458984,91.01000213623047,93.18000030517578,90.80000305175781,92.5,32850100
2023-03-13,91.33184051513672,91.66000366210938,93.08000183105469,89.94000244140625,90.56500244140625,31508600
2023-03-14,93.91256713867188,94.25,94.83000183105469,92.77999877929688,93.06999969482422,32303900
2023-03-15,96.20433044433594,96.55000305175781,97.25,93.04000091552734,93.54000091552734,38367300
2023-03-16,100.70814514160156,101.06999969482422,101.97000122070312,95.87000274658203,96.56999969482422,54499500
2023-03-17,102.0931625366211,102.45999908447266,103.48999786376953,100.75,100.83999633789062,76140300
2023-03-20,101.5650634765625,101.93000030517578,102.58000183105469,100.79000091552734,101.05999755859375,26033900
2023-03-21,105.4610595703125,105.83999633789062,105.95999908447266,101.86000061035156,101.9800033569336,33122800
2023-03-22,103.84687042236328,104.22000122070312,107.51000213623047,104.20999908447266,105.13999938964844,32336900
2023-03-23,105.87957000732422,106.26000213623047,107.10099792480469,105.41000366210938,105.88999938964844,31385800
2023-03-24,105.6802749633789,106.05999755859375,106.16000366210938,104.73999786376953,105.73999786376953,25236200
2023-03-27,102.69100952148438,103.05999755859375,105.4000015258789,102.62999725341797,105.31999969482422,25393400
2023-03-28,100.99710845947266,101.36000061035156,103.0,100.27999877929688,103.0,24913500
2023-03-29,101.5351791381836,101.9000015258789,102.81999969482422,101.02999877929688,102.72000122070312,26148300
2023-03-30,100.9572525024414,101.31999969482422,101.61000061035156,100.29000091552734,101.44000244140625,25009800
2023-03-31,103.6276626586914,104.0,104.19000244140625,101.44000244140625,101.70999908447266,28108000
2023-04-03,104.5344009399414,104.91000366210938,104.94999694824219,102.37999725341797,102.66999816894531,20719900
2023-04-04,104.74365234375,105.12000274658203,106.0999984741211,104.5999984741211,104.83999633789062,20377200
2023-04-05,104.57424926757812,104.94999694824219,106.54000091552734,104.10199737548828,106.12000274658203,21864200
2023-04-06,108.5101089477539,108.9000015258789,109.62999725341797,104.81500244140625,105.7699966430664,34684200
2023-04-10,106.56708526611328,106.94999694824219,107.97000122070312,105.5999984741211,107.38999938964844,19741500
2023-04-11,105.74006652832031,106.12000274658203,107.22000122070312,105.27999877929688,106.91999816894531,18721300
2023-04-12,104.8432846069336,105.22000122070312,107.58699798583984,104.97000122070312,107.38999938964844,22761600
2023-04-13,107.80266571044922,108.19000244140625,108.26499938964844,106.44000244140625,106.47000122070312,21650700
2023-04-14,109.06810760498047,109.45999908447266,109.58000183105469,107.58999633789062,107.69000244140625,20758700
2023-04-17,106.03899383544922,106.41999816894531,106.70999908447266,105.31999969482422,105.43000030517578,29043400
2023-04-18,104.74365234375,105.12000274658203,107.05000305175781,104.77999877929688,107.0,17641400
2023-04-19,104.64400482177734,105.0199966430664,105.7249984741211,103.80000305175781,104.21499633789062,16732000
2023-04-20,105.5208511352539,105.9000015258789,106.88800048828125,104.63999938964844,104.6500015258789,22515300
2023-04-21,105.53082275390625,105.91000366210938,106.63999938964844,105.48500061035156,106.08999633789062,22379000
2023-04-24,106.39769744873047,106.77999877929688,107.31999969482422,105.36000061035156,106.05000305175781,21410900
2023-04-25,104.2354736328125,104.61000061035156,107.44000244140625,104.55999755859375,106.61000061035156,31408100
2023-04-26,104.07604217529297,104.44999694824219,107.0199966430664,103.2699966430664,105.55999755859375,37068200
2023-04-27,107.98200988769531,108.37000274658203,109.1500015258789,104.41999816894531,105.2300033569336,38235200
2023-04-28,107.8325424194336,108.22000122070312,108.29000091552734,106.04000091552734,107.80000305175781,23957900
2023-05-01,107.32437133789062,107.70999908447266,108.68000030517578,107.5,107.72000122070312,20926300
2023-05-02,105.6005630493164,105.9800033569336,107.7300033569336,104.5,107.66000366210938,20343100
2023-05-03,105.74006652832031,106.12000274658203,108.12999725341797,105.62000274658203,106.22000122070312,17116300
2023-05-04,104.83332824707031,105.20999908447266,106.30000305175781,104.69999694824219,106.16000366210938,19780600
2023-05-05,105.834716796875,106.21499633789062,106.44000244140625,104.73899841308594,105.31999969482422,20705300
2023-05-08,107.85247039794922,108.23999786376953,108.41999816894531,105.79000091552734,105.79499816894531,17266000
2023-05-09,107.55355834960938,107.94000244140625,110.59500122070312,107.7249984741211,108.77999877929688,24782400
2023-05-10,111.87801361083984,112.27999877929688,113.51000213623047,108.4800033569336,108.55000305175781,47533500
2023-05-11,116.48147583007812,116.9000015258789,118.44000244140625,114.93000030517578,115.86000061035156,57115100
2023-05-12,117.49781799316406,117.91999816894531,118.26000213623047,116.55000305175781,117.0,31272500
2023-05-15,116.54125213623047,116.95999908447266,118.79499816894531,116.4800033569336,116.48999786376953,22107900
2023-05-16,119.66004180908203,120.08999633789062,121.19999694824219,116.83000183105469,116.83000183105469,32370100
2023-05-17,121.04507446289062,121.4800033569336,122.27999877929688,119.45999908447266,120.18000030517578,26659600
2023-05-18,123.07776641845703,123.5199966430664,123.9000015258789,121.48999786376953,121.55999755859375,27014500
2023-05-19,122.8087387084961,123.25,126.47899627685547,122.72000122070312,124.19999694824219,30251300
2023-05-22,125.41935729980469,125.87000274658203,127.05000305175781,123.44999694824219,123.51000213623047,29760200
2023-05-23,122.84860229492188,123.29000091552734,125.41999816894531,123.05000305175781,124.93000030517578,24477900
2023-05-24,121.20449829101562,121.63999938964844,122.75,120.75,121.87999725341797,23087900
2023-05-25,123.90479278564453,124.3499984741211,125.9800033569336,122.9000015258789,125.20999908447266,33812700
2023-05-26,124.9809341430664,125.43000030517578,126.0,123.29000091552734,124.06500244140625,25154700
2023-05-30,124.19375610351562,124.63999938964844,126.37999725341797,122.88999938964844,126.29000091552734,27230700
2023-05-31,122.92831420898438,123.37000274658203,124.9000015258789,123.0999984741211,123.69999694824219,41548800
2023-06-01,123.92472076416016,124.37000274658203,125.04000091552734,123.30000305175781,123.5,25017700
2023-06-02,124.78164672851562,125.2300033569336,126.74500274658203,124.3499984741211,124.48999786376953,19362400
2023-06-05,126.17662811279297,126.62999725341797,127.98999786376953,124.37999725341797,124.61000061035156,22672500
2023-06-06,127.45205688476562,127.91000366210938,128.8800048828125,125.97000122070312,126.5999984741211,19450100
2023-06-07,122.4998550415039,122.94000244140625,129.5500030517578,122.62999725341797,127.57499694824219,34179300
2023-06-08,122.2308120727539,122.66999816894531,123.7300033569336,122.01000213623047,122.58499908447266,24815000
2023-06-09,122.43009948730469,122.87000274658203,124.28500366210938,122.41999816894531,122.55999755859375,20304500
2023-06-12,123.90479278564453,124.3499984741211,124.75,122.3499984741211,123.3949966430664,22255700
2023-06-13,123.98451232910156,124.43000030517578,125.86000061035156,123.84500122070312,125.6500015258789,19287700
2023-06-14,123.9346923828125,124.37999725341797,124.79000091552734,122.16000366210938,123.80000305175781,24659600
2023-06-15,125.33964538574219,125.79000091552734,126.16000366210938,123.13999938964844,123.87999725341797,24517100
2023-06-16,123.61582946777344,124.05999755859375,126.69999694824219,123.79000091552734,126.69999694824219,56686800
2023-06-20,123.40658569335938,123.8499984741211,125.17500305175781,122.83000183105469,123.53500366210938,22698000
2023-06-21,120.82585906982422,121.26000213623047,123.41000366210938,120.86000061035156,123.23500061035156,22612000
2023-06-22,123.42652130126953,123.87000274658203,123.93499755859375,119.5999984741211,120.66000366210938,20781900
2023-06-23,122.57955932617188,123.0199966430664,123.44000244140625,121.86000061035156,122.04000091552734,29542900
2023-06-26,118.66362762451172,119.08999633789062,122.72000122070312,118.98999786376953,121.46600341796875,23185000
2023-06-27,118.58392333984375,119.01000213623047,119.8949966430664,116.91000366210938,117.83999633789062,27221700
2023-06-28,120.64649963378906,121.08000183105469,121.2699966430664,117.5999984741211,117.95999908447266,19753100
2023-06-29,119.58033752441406,120.01000213623047,120.91000366210938,119.20999908447266,120.08999633789062,18517500
2023-06-30,120.53689575195312,120.97000122070312,122.02999877929688,120.87999725341797,121.0999984741211,23865800
2023-07-03,120.12836456298828,120.55999755859375,121.0199966430664,119.70500183105469,120.31999969482422,13888300
2023-07-05,122.19095611572266,122.62999725341797,123.37000274658203,120.05999755859375,120.05999755859375,17830300
2023-07-06,120.49703979492188,120.93000030517578,121.1500015258789,119.25,120.63999938964844,17732500
2023-07-07,119.70986938476562,120.13999938964844,121.75,120.08999633789062,120.88999938964844,20982400
2023-07-10,116.45158386230469,116.87000274658203,119.06999969482422,116.63999938964844,119.06999969482422,32960100
2023-07-11,117.28856658935547,117.70999908447266,118.2249984741211,115.83000183105469,116.76000213623047,18286600
2023-07-12,119.19173431396484,119.62000274658203,120.95999908447266,119.0,119.30000305175781,22059600
2023-07-13,124.3830795288086,124.83000183105469,125.33499908447266,121.05999755859375,121.54000091552734,31535900
2023-07-14,125.24995422363281,125.69999694824219,127.08999633789062,124.9000015258789,125.12999725341797,20482800
2023-07-17,124.61225891113281,125.05999755859375,127.27999877929688,124.5,126.05999755859375,20675300
2023-07-18,123.63575744628906,124.08000183105469,124.98999786376953,123.30000305175781,124.90499877929688,21071200
2023-07-19,122.34040832519531,122.77999877929688,125.47000122070312,122.47000122070312,124.79000091552734,22313800
2023-07-20,119.10204315185547,119.52999877929688,124.69999694824219,118.68499755859375,122.12000274658203,27541700
2023-07-21,119.87926483154297,120.30999755859375,121.30000305175781,119.06999969482422,120.87000274658203,56498100
2023-07-24,121.44364166259766,121.87999725341797,123.3499984741211,121.37999725341797,121.9260025024414,22276100
2023-07-25,122.35038757324219,122.79000091552734,123.69000244140625,121.52999877929688,121.87999725341797,31820800
2023-07-26,129.19578552246094,129.66000366210938,131.3699951171875,128.7100067138672,130.36000061035156,46216900
2023-07-27,129.405029296875,129.8699951171875,133.60000610351562,129.17999267578125,131.8000030517578,35931600
2023-07-28,132.53378295898438,133.00999450683594,134.07000732421875,130.9199981689453,130.97000122070312,26971000
2023-07-31,132.63343811035156,133.11000061035156,133.8300018310547,132.1300048828125,133.00999450683594,18381900
2023-08-01,131.4178009033203,131.88999938964844,132.9199981689453,130.75,130.85499572753906,22154300
2023-08-02,128.179443359375,128.63999938964844,130.4199981689453,127.8499984741211,129.83999633789062,22705800
2023-08-03,128.30897521972656,128.77000427246094,129.77000427246094,127.7750015258789,128.3699951171875,15018100
2023-08-04,128.07977294921875,128.5399932861328,131.92999267578125,128.31500244140625,129.60000610351562,20509500
2023-08-07,131.46763610839844,131.94000244140625,132.05999755859375,129.42999267578125,129.50999450683594,17621000
2023-08-08,131.36798095703125,131.83999633789062,131.94000244140625,130.1300048828125,130.97999572753906,16836000
2023-08-09,129.6840362548828,130.14999389648438,132.47000122070312,129.5050048828125,132.19000244140625,17745200
2023-08-10,129.74383544921875,130.2100067138672,132.64700317382812,130.03500366210938,131.97000122070312,17855700
2023-08-11,129.70396423339844,130.1699981689453,130.44000244140625,128.75,129.20199584960938,15191500
2023-08-14,131.35801696777344,131.8300018310547,131.91000366210938,129.58999633789062,129.85000610351562,17526200
2023-08-15,129.80360412597656,130.27000427246094,131.99000549316406,129.81900024414062,131.58999633789062,14769200
2023-08-16,128.6477508544922,129.11000061035156,130.8979949951172,128.4600067138672,129.27999877929688,17548400
2023-08-17,129.99293518066406,130.4600067138672,132.49099731445312,129.85000610351562,130.4499969482422,23665600
2023-08-18,127.65133666992188,128.11000061035156,129.8300018310547,127.0,129.05999755859375,23619400
2023-08-21,128.46839904785156,128.92999267578125,129.25999450683594,127.16000366210938,127.8499984741211,21851100
2023-08-22,129.22567749023438,129.69000244140625,130.9499969482422,128.9250030517578,129.1300048828125,15569400
2023-08-23,132.7330780029297,133.2100067138672,134.07000732421875,130.50999450683594,130.85000610351562,26497000
2023-08-24,129.95306396484375,130.4199981689453,134.97000122070312,130.3000030517578,134.7270050048828,18680400
2023-08-25,130.2220916748047,130.69000244140625,131.39999389648438,128.0399932861328,130.13999938964844,20678100
2023-08-28,131.31814575195312,131.7899932861328,133.24000549316406,130.85000610351562,132.0800018310547,16715500
2023-08-29,135.0049285888672,135.49000549316406,137.2949981689453,132.97999572753906,132.9980010986328,30803300
2023-08-30,136.43975830078125,136.92999267578125,137.25,135.02099609375,135.57000732421875,21773400
2023-08-31,136.85826110839844,137.35000610351562,138.39999389648438,136.82000732421875,137.0500030517578,28147900
2023-09-01,136.3102264404297,136.8000030517578,138.5800018310547,135.94000244140625,138.42999267578125,16665700
2023-09-05,136.22055053710938,136.7100067138672,137.3699951171875,135.55999755859375,136.44000244140625,17730200
2023-09-06,134.88534545898438,135.3699951171875,137.47999572753906,134.69000244140625,137.01499938964844,15814300
2023-09-07,135.71237182617188,136.1999969482422,136.5800018310547,133.9600067138672,134.60000610351562,16976000
2023-09-08,136.7087860107422,137.1999969482422,137.51499938964844,135.8699951171875,135.8699951171875,17810700
2023-09-11,137.2468719482422,137.74000549316406,138.26400756835938,136.5500030517578,137.3800048828125,17180800
2023-09-12,135.58285522460938,136.07000732421875,137.63999938964844,135.92999267578125,137.1300048828125,15212900
2023-09-13,137.00772094726562,137.5,137.6999969482422,134.92999267578125,135.89999389648438,16394900
2023-09-14,138.4923858642578,138.99000549316406,139.5500030517578,137.05999755859375,138.38999938964844,19064600
2023-09-15,137.80487060546875,138.3000030517578,139.36000061035156,137.17999267578125,138.8000030517578,48947600
2023-09-18,138.46250915527344,138.9600067138672,139.92999267578125,137.6300048828125,137.6300048828125,16233600
2023-09-19,138.3329620361328,138.8300018310547,139.1750030517578,137.5,138.25,15479100
2023-09-20,134.10813903808594,134.58999633789062,138.83999633789062,134.52000427246094,138.8300018310547,21473500
2023-09-21,130.88970947265625,131.36000061035156,133.19000244140625,131.08999633789062,132.38999938964844,22042700
2023-09-22,130.78009033203125,131.25,133.00999450683594,130.50999450683594,131.67999267578125,17348700
2023-09-25,131.69679260253906,132.1699981689453,132.22000122070312,130.02999877929688,130.77000427246094,14650000
2023-09-26,128.98654174804688,129.4499969482422,131.40499877929688,128.19000244140625,130.91400146484375,20378800
2023-09-27,130.98934936523438,131.4600067138672,131.72000122070312,129.3800048828125,129.44000244140625,18764200
2023-09-28,132.6533660888672,133.1300048828125,134.17999267578125,130.69000244140625,130.69000244140625,18201400
2023-09-29,131.37794494628906,131.85000610351562,134.88999938964844,131.32000732421875,134.0800018310547,23224200
2023-10-02,134.68606567382812,135.1699981689453,135.36000061035156,132.06500244140625,132.15499877929688,19210400
2023-10-03,132.82273864746094,133.3000030517578,135.24000549316406,132.81500244140625,134.92999267578125,19628700
2023-10-04,135.78211975097656,136.27000427246094,136.57000732421875,133.42999267578125,133.66000366210938,22848000
2023-10-05,135.50314331054688,135.99000549316406,136.5,134.4550018310547,136.1300048828125,15922900
2023-10-06,138.2333221435547,138.72999572753906,139.18600463867188,134.94000244140625,134.94000244140625,20819300
2023-10-09,139.0005645751953,139.5,139.97000122070312,136.6999969482422,137.99000549316406,16599100
2023-10-10,138.70162963867188,139.1999969482422,140.74000549316406,138.42999267578125,139.50999450683594,19554900
2023-10-11,141.1926727294922,141.6999969482422,142.22000122070312,139.83999633789062,139.85000610351562,20146300
2023-10-12,139.7877197265625,140.2899932861328,142.3800048828125,139.4499969482422,142.16000366210938,18173100
2023-10-13,138.08384704589844,138.5800018310547,141.33999633789062,137.97000122070312,140.64999389648438,19438700
2023-10-16,139.9870147705078,140.49000549316406,140.90499877929688,139.32000732421875,139.72999572753906,17345600
2023-10-17,140.4852294921875,140.99000549316406,141.25,138.5290069580078,140.02999877929688,17424000
2023-10-18,138.78134155273438,139.27999877929688,141.99000549316406,138.7050018310547,140.75,18304900
2023-10-19,138.48240661621094,138.97999572753906,141.0050048828125,138.60000610351562,139.8000030517578,21831200
2023-10-20,136.2504425048828,136.74000549316406,139.0399932861328,136.2449951171875,138.58999633789062,24953900
2023-10-23,137.40628051757812,137.89999389648438,139.02000427246094,135.11000061035156,136.22999572753906,20780700
2023-10-24,139.61834716796875,140.1199951171875,140.7100067138672,138.75,139.16000366210938,26535200
2023-10-25,126.21648406982422,126.66999816894531,130.10000610351562,126.08999633789062,129.77000427246094,58796100
2023-10-26,122.99805450439453,123.44000244140625,125.45999908447266,122.31999969482422,124.47000122070312,33907400
2023-10-27,122.95819854736328,123.4000015258789,124.44000244140625,121.45999908447266,124.02999877929688,37367700
2023-10-30,125.29978942871094,125.75,126.55000305175781,123.87999725341797,124.45999908447266,24165600
2023-10-31,124.85140228271484,125.30000305175781,126.55999755859375,123.92500305175781,126.2699966430664,21123400
2023-11-01,127.11327362060547,127.56999969482422,127.73999786376953,124.92500305175781,125.33999633789062,26536600
2023-11-02,128.11964416503906,128.5800018310547,130.08999633789062,128.11000061035156,129.55999755859375,24091700
2023-11-03,129.9032440185547,130.3699951171875,130.72999572753906,129.00999450683594,129.08999633789062,19517900
2023-11-06,130.97938537597656,131.4499969482422,131.55999755859375,129.92999267578125,130.22000122070312,15360400
2023-11-07,131.92596435546875,132.39999389648438,133.27999877929688,131.13999938964844,131.97999572753906,19223800
2023-11-08,132.7828826904297,133.25999450683594,133.5399932861328,132.16000366210938,132.36000061035156,15093600
2023-11-09,131.21852111816406,131.69000244140625,133.9600067138672,131.50999450683594,133.36000061035156,17976500
2023-11-10,133.5800323486328,134.05999755859375,134.27000427246094,130.8699951171875,131.52999877929688,20872900
2023-11-13,133.16152954101562,133.63999938964844,134.11000061035156,132.77000427246094,133.36000061035156,16409900
2023-11-14,134.9451141357422,135.42999267578125,137.24000549316406,135.10000610351562,135.64999389648438,22317300
2023-11-15,135.89173889160156,136.3800048828125,136.83999633789062,135.3300018310547,136.63999938964844,15840900
2023-11-16,138.2034149169922,138.6999969482422,138.8800048828125,136.0800018310547,136.9600067138672,17615100
2023-11-17,136.44972229003906,136.94000244140625,138.0,135.47999572753906,137.82000732421875,25565300
2023-11-20,137.42620849609375,137.9199981689453,138.4250030517578,135.49000549316406,135.5,19569400
2023-11-21,138.1237030029297,138.6199951171875,138.96499633789062,137.7050018310547,137.94000244140625,17648100
2023-11-22,139.51869201660156,140.02000427246094,141.10000610351562,139.0,139.10000610351562,17306400
2023-11-24,137.7251434326172,138.22000122070312,139.677001953125,137.47000122070312,139.5399932861328,8828600
2023-11-27,137.55575561523438,138.0500030517578,139.6300048828125,137.5399932861328,137.57000732421875,17886400
2023-11-28,138.1237030029297,138.6199951171875,138.66000366210938,137.0399932861328,137.6300048828125,17046900
2023-11-29,135.91163635253906,136.39999389648438,139.6699981689453,136.2949981689453,138.98500061035156,21014700
2023-11-30,133.44052124023438,133.9199981689453,136.9600067138672,132.7899932861328,136.39999389648438,29913500
2023-12-01,132.8426971435547,133.32000732421875,133.5,132.15199279785156,133.32000732421875,24258400
2023-12-04,130.1623077392578,130.6300048828125,131.4499969482422,129.39999389648438,131.29400634765625,24117100
2023-12-05,131.916015625,132.38999938964844,133.5399932861328,129.72999572753906,130.3699951171875,19235100
2023-12-06,130.9594268798828,131.42999267578125,133.30999755859375,131.30999755859375,132.89999389648438,16360600
2023-12-07,137.95431518554688,138.4499969482422,140.0,136.22999572753906,136.60000610351562,38419400
2023-12-08,136.1508026123047,136.63999938964844,137.99000549316406,135.57000732421875,135.66000366210938,22990900
2023-12-11,134.21774291992188,134.6999969482422,134.7899932861328,132.88999938964844,133.82000732421875,24502900
2023-12-12,133.16152954101562,133.63999938964844,134.5399932861328,132.8300018310547,133.27000427246094,26584000
2023-12-13,133.49037170410156,133.97000122070312,134.77999877929688,132.9499969482422,134.5449981689453,25414500
2023-12-14,132.72311401367188,133.1999969482422,135.03500366210938,131.05999755859375,134.77000427246094,29619100
2023-12-15,133.36080932617188,133.83999633789062,134.8300018310547,132.6300048828125,132.9199981689453,58569400
2023-12-18,136.69882202148438,137.19000244140625,138.3800048828125,133.77000427246094,133.86000061035156,25699800
2023-12-19,137.60557556152344,138.10000610351562,138.77000427246094,137.4499969482422,138.0,20661000
2023-12-20,139.1599884033203,139.66000366210938,143.0780029296875,139.41000366210938,140.3300018310547,33507300
2023-12-21,141.29232788085938,141.8000030517578,142.02999877929688,140.47300720214844,140.77000427246094,18101500
2023-12-22,142.2090301513672,142.72000122070312,143.25,142.05499267578125,142.1300048828125,18494700
2023-12-26,142.3086700439453,142.82000732421875,143.94500732421875,142.5,142.97999572753906,11170100
2023-12-27,140.93362426757812,141.44000244140625,143.32000732421875,141.05099487304688,142.8300018310547,17288400
2023-12-28,140.77418518066406,141.27999877929688,142.27000427246094,140.8280029296875,141.85000610351562,12192500
2023-12-29,140.42543029785156,140.92999267578125,141.43499755859375,139.89999389648438,140.67999267578125,14872700
2024-01-02,139.06033325195312,139.55999755859375,140.61500549316406,137.74000549316406,139.60000610351562,20071900
2024-01-03,139.85748291015625,140.36000061035156,141.08999633789062,138.42999267578125,138.60000610351562,18974300
2024-01-04,137.5457763671875,138.0399932861328,140.63499450683594,138.00999450683594,139.85000610351562,18253300
2024-01-05,136.8981170654297,137.38999938964844,138.80999755859375,136.85000610351562,138.3520050048828,15433200
2024-01-08,140.02685546875,140.52999877929688,140.63999938964844,137.8800048828125,138.0,17645300
2024-01-09,142.0496063232422,142.55999755859375,142.8000030517578,139.7899932861328,140.05999755859375,19579700
2024-01-10,143.28517150878906,143.8000030517578,144.52499389648438,142.4600067138672,142.52000427246094,16641900
2024-01-11,143.15562438964844,143.6699981689453,146.66000366210938,142.21499633789062,144.89500427246094,17471100
2024-01-12,143.72360229492188,144.24000549316406,144.74000549316406,143.36000061035156,144.33999633789062,13995200
2024-01-16,143.5641632080078,144.0800018310547,145.83999633789062,143.05599975585938,143.42999267578125,19198900
2024-01-17,142.37841796875,142.88999938964844,143.41000366210938,140.50999450683594,142.91000366210938,17884500
2024-01-18,144.4709014892578,144.99000549316406,145.5850067138672,143.35000610351562,143.44000244140625,18876800
2024-01-19,147.44021606445312,147.97000122070312,148.0399932861328,145.8000030517578,146.30499267578125,27170900
2024-01-22,147.18118286132812,147.7100067138672,150.01499938964844,147.5800018310547,148.7100067138672,21829200
2024-01-23,148.14768981933594,148.67999267578125,148.86000061035156,147.19000244140625,147.72000122070312,14113600
2024-01-24,149.81170654296875,150.35000610351562,151.57000732421875,149.83999633789062,150.2899932861328,19245000
2024-01-25,153.08993530273438,153.63999938964844,154.75999450683594,151.22000122070312,151.74000549316406,21495100
2024-01-26,153.23939514160156,153.7899932861328,154.11000061035156,152.8000030517578,152.8699951171875,19494500
2024-01-29,154.28564453125,154.83999633789062,155.1999969482422,152.9199981689453,153.63999938964844,20909300
2024-01-30,152.50205993652344,153.0500030517578,155.0399932861328,152.77499389648438,154.00999450683594,26578900
2024-01-31,141.29232788085938,141.8000030517578,145.58999633789062,141.5500030517578,145.38999938964844,43908600
2024-02-01,142.19906616210938,142.7100067138672,144.6199951171875,142.25999450683594,143.69000244140625,25526900
2024-02-02,143.02609252929688,143.5399932861328,143.8800048828125,138.1699981689453,140.88999938964844,42116900
2024-02-05,144.41110229492188,144.92999267578125,146.6699981689453,143.91000366210938,144.0399932861328,29254400
2024-02-06,144.889404296875,145.41000366210938,146.74000549316406,144.52000427246094,145.9600067138672,21517700
2024-02-07,146.15484619140625,146.67999267578125,147.0,145.2100067138672,146.1199951171875,21436100
2024-02-08,146.6929168701172,147.22000122070312,147.61000061035156,146.4199981689453,146.97000122070312,18241300
2024-02-09,149.6821746826172,150.22000122070312,150.69500732421875,147.42999267578125,147.9499969482422,21877700
2024-02-12,148.197509765625,148.72999572753906,150.58999633789062,148.55999755859375,149.5399932861328,17236100
2024-02-13,145.845947265625,146.3699951171875,148.0399932861328,145.11000061035156,146.07000732421875,18138500
2024-02-14,146.6132049560547,147.13999938964844,147.8300018310547,145.55499267578125,147.3699951171875,16651800
2024-02-15,143.42466735839844,143.94000244140625,144.75999450683594,141.8800048828125,144.4600067138672,26724300
2024-02-16,141.25245666503906,141.75999450683594,144.47999572753906,141.52000427246094,144.2100067138672,21849700
2024-02-20,141.69088745117188,142.1999969482422,143.32899475097656,140.8000030517578,140.94000244140625,18625600
2024-02-21,143.32501220703125,143.83999633789062,143.97999572753906,141.91000366210938,142.63999938964844,16499600
2024-02-22,144.7997283935547,145.32000732421875,146.1999969482422,144.00999450683594,146.1199951171875,23024700
2024-02-23,144.7698211669922,145.2899932861328,145.9550018310547,144.7899932861328,144.97000122070312,14519400
2024-02-26,138.25323486328125,138.75,143.83999633789062,138.74000549316406,143.4499969482422,33513000
2024-02-27,139.59841918945312,140.10000610351562,140.49000549316406,138.5,139.41000366210938,22364000
2024-02-28,136.93797302246094,137.42999267578125,139.27999877929688,136.63999938964844,139.10000610351562,30628700
2024-02-29,139.27955627441406,139.77999877929688,139.9499969482422,137.57000732421875,138.35000610351562,35485000
2024-03-01,137.5856475830078,138.0800018310547,140.0,137.97500610351562,139.61000061035156,28522000
2024-03-04,133.71954345703125,134.1999969482422,136.6300048828125,132.86000061035156,136.5399932861328,43571500
2024-03-05,133.30104064941406,133.77999877929688,134.02000427246094,131.5500030517578,132.74000549316406,28447600
2024-03-06,132.08538818359375,132.55999755859375,134.74000549316406,131.9499969482422,134.24000549316406,23175200
2024-03-07,134.7558135986328,135.24000549316406,135.82000732421875,132.66000366210938,133.88999938964844,24107300
2024-03-08,135.8020477294922,136.2899932861328,138.98500061035156,134.8000030517578,135.03500366210938,26472400
2024-03-11,138.4425506591797,138.94000244140625,139.97999572753906,137.07000732421875,137.07000732421875,22536400
2024-03-12,139.12013244628906,139.6199951171875,140.27999877929688,138.2100067138672,138.25,19019700
2024-03-13,140.26600646972656,140.77000427246094,142.19000244140625,140.00999450683594,140.05999755859375,19637000
2024-03-14,143.82322692871094,144.33999633789062,144.72999572753906,141.48500061035156,142.3000030517578,36117900
2024-03-15,141.66099548339844,142.1699981689453,144.33999633789062,141.1300048828125,143.41000366210938,41025900
2024-03-18,147.9484100341797,148.47999572753906,152.92999267578125,148.13999938964844,149.3699951171875,47676700
2024-03-19,147.39041137695312,147.9199981689453,149.6199951171875,147.00999450683594,148.97999572753906,17748400
2024-03-20,149.14410400390625,149.67999267578125,149.75999450683594,147.6649932861328,148.7899932861328,17730000
2024-03-21,148.2074737548828,148.74000549316406,151.30499267578125,148.00999450683594,150.32000732421875,19843900
2024-03-22,151.2266387939453,151.77000427246094,152.55999755859375,150.08999633789062,150.24000549316406,19226300
2024-03-25,150.6088409423828,151.14999389648438,151.45599365234375,148.8000030517578,150.9499969482422,15114700
2024-03-26,151.15687561035156,151.6999969482422,153.1999969482422,151.02999877929688,151.24000549316406,19312700
2024-03-27,151.39601135253906,151.94000244140625,152.69000244140625,150.1300048828125,152.14500427246094,16622000
2024-03-28,151.71487426757812,152.25999450683594,152.6699981689453,151.3300018310547,152.0,21105600
2024-04-01,155.939697265625,156.5,157.0,151.64999389648438,151.8300018310547,24469800
2024-04-02,155.3119354248047,155.8699951171875,155.99000549316406,153.4600067138672,154.75,17598100
2024-04-03,155.81015014648438,156.3699951171875,156.5500030517578,154.1320037841797,154.9199981689453,17266200
2024-04-04,151.39601135253906,151.94000244140625,156.17999267578125,151.8800048828125,155.0800018310547,24184800
2024-04-05,153.3888702392578,153.94000244140625,154.83999633789062,151.08099365234375,151.67999267578125,16289800
2024-04-08,155.5809783935547,156.13999938964844,156.65499877929688,153.99000549316406,154.01499938964844,16641500
2024-04-09,157.57382202148438,158.13999938964844,159.88999938964844,156.63999938964844,157.35000610351562,21538100
2024-04-10,157.09555053710938,157.66000366210938,158.16000366210938,156.1999969482422,157.8800048828125,16339200
2024-04-11,160.21434020996094,160.7899932861328,161.1199951171875,157.92999267578125,158.33999633789062,17841700
2024-04-12,158.6200714111328,159.19000244140625,161.6999969482422,158.60000610351562,159.40499877929688,16968200
2024-04-15,155.77029418945312,156.3300018310547,160.8300018310547,156.14999389648438,160.27999877929688,21140900
2024-04-16,155.44149780273438,156.0,157.22999572753906,155.0500030517578,155.63999938964844,15413200
2024-04-17,156.31834411621094,156.8800048828125,158.68099975585938,156.13499450683594,157.19000244140625,16237800
2024-04-18,156.89627075195312,157.4600067138672,158.48500061035156,156.2100067138672,156.9250030517578,14016100
2024-04-19,155.16249084472656,155.72000122070312,157.99000549316406,153.91000366210938,157.75,20063900
2024-04-22,157.38450622558594,157.9499969482422,159.18499755859375,155.66000366210938,156.00999450683594,17243900
2024-04-23,159.34744262695312,159.9199981689453,160.47999572753906,157.96499633789062,158.58999633789062,16115400
2024-04-24,160.5232391357422,161.10000610351562,161.38999938964844,158.82000732421875,159.08999633789062,19485700
2024-04-25,157.38450622558594,157.9499969482422,158.27999877929688,152.76800537109375,153.36000061035156,36197800
2024-04-26,173.0681610107422,173.69000244140625,176.4199981689453,171.39999389648438,175.99000549316406,56500800
2024-04-29,167.29885864257812,167.89999389648438,171.3800048828125,167.05999755859375,170.77000427246094,35914600
2024-04-30,164.05055236816406,164.63999938964844,169.8699951171875,164.5,167.3800048828125,29420800
2024-05-01,164.97723388671875,165.57000732421875,168.80999755859375,164.89999389648438,166.17999267578125,25223200
2024-05-02,167.8568878173828,168.4600067138672,168.52999877929688,165.69000244140625,166.6699981689453,17041100
2024-05-03,168.3849639892578,168.99000549316406,169.85000610351562,164.97999572753906,169.5399932861328,22767100
2024-05-06,169.2219696044922,169.8300018310547,169.89999389648438,167.88999938964844,169.22000122070312,15147900
2024-05-07,172.36068725585938,172.97999572753906,173.47000122070312,170.0,170.1199951171875,21102400
2024-05-08,170.5471954345703,171.16000366210938,171.90899658203125,170.52200317382812,170.75,14569900
2024-05-09,170.9656982421875,171.5800018310547,172.44000244140625,169.92999267578125,171.14999389648438,11937700
2024-05-10,169.68031311035156,170.2899932861328,171.33999633789062,167.91000366210938,169.69000244140625,18740500
2024-05-13,170.2881317138672,170.89999389648438,170.9499969482422,165.75999450683594,165.8470001220703,19648600
2024-05-14,171.31443786621094,171.92999267578125,172.77999877929688,170.4199981689453,171.58999633789062,18729500
2024-05-15,173.25747680664062,173.8800048828125,174.04600524902344,172.02999877929688,172.3000030517578,20958200
2024-05-16,174.8019256591797,175.42999267578125,176.33999633789062,174.0500030517578,174.60000610351562,17247300
2024-05-17,176.65525817871094,177.2899932861328,177.4949951171875,174.97999572753906,175.5500030517578,16546400
2024-05-20,177.8210906982422,178.4600067138672,179.9499969482422,177.22500610351562,177.30999755859375,17495100
2024-05-21,178.89720153808594,179.5399932861328,179.82000732421875,177.30999755859375,178.39999389648438,14706000
2024-05-22,177.3627166748047,178.0,178.8520050048828,176.77999877929688,178.39999389648438,16189400
2024-05-23,174.4332275390625,175.05999755859375,179.91000366210938,174.5399932861328,178.77999877929688,14928400
2024-05-24,175.69869995117188,176.3300018310547,177.3040008544922,175.1999969482422,176.52000427246094,11400600
2024-05-28,177.3826446533203,178.02000427246094,178.50999450683594,175.67999267578125,175.74000549316406,15655300
2024-05-29,176.76486206054688,177.39999389648438,178.22999572753906,176.25999450683594,176.80999755859375,15023800
2024-05-30,172.93861389160156,173.55999755859375,176.69000244140625,173.22999572753906,176.69000244140625,18844000
2024-05-31,173.33718872070312,173.9600067138672,174.4199981689453,170.97000122070312,173.39999389648438,28085200
2024-06-03,173.79554748535156,174.4199981689453,175.86000061035156,172.4499969482422,173.8800048828125,20742800
2024-06-04,174.50299072265625,175.1300048828125,175.19000244140625,173.22000122070312,174.4499969482422,14066600
2024-06-05,176.43605041503906,177.07000732421875,177.97000122070312,175.2899932861328,176.53500366210938,15233900
2024-06-06,177.7114715576172,178.35000610351562,178.7100067138672,177.2100067138672,177.42999267578125,14255800
2024-06-07,175.32005310058594,175.9499969482422,179.4199981689453,175.7899932861328,178.4600067138672,14716300
2024-06-10,176.19790649414062,176.6300048828125,178.47000122070312,174.3800048828125,176.4499969482422,17122200
2024-06-11,177.75408935546875,178.19000244140625,178.38999938964844,175.44000244140625,177.72000122070312,14402400
2024-06-12,179.1207275390625,179.55999755859375,182.0800018310547,177.77999877929688,179.75,18600400
2024-06-13,176.30764770507812,176.74000549316406,178.50999450683594,176.66000366210938,177.83999633789062,15956900
2024-06-14,177.9336395263672,178.3699951171875,178.72999572753906,175.8520050048828,175.8520050048828,12361600
2024-06-17,178.34263610839844,178.77999877929688,179.9199981689453,176.49000549316406,176.97999572753906,15272900
2024-06-18,176.01834106445312,176.4499969482422,178.91000366210938,175.6199951171875,178.7899932861328,15640300
2024-06-20,177.2752685546875,177.7100067138672,178.74000549316406,176.4600067138672,176.7100067138672,16753200
2024-06-21,179.81900024414062,180.25999450683594,182.51199340820312,178.05999755859375,178.49000549316406,59728000
2024-06-24,180.34771728515625,180.7899932861328,182.0800018310547,180.22999572753906,181.27999877929688,18198300
2024-06-25,185.12600708007812,185.5800018310547,185.75,181.10499572753906,181.14500427246094,18917700
2024-06-26,184.91650390625,185.3699951171875,185.92999267578125,183.99000549316406,184.1999969482422,13375700
2024-06-27,186.4028778076172,186.86000061035156,187.5,185.4499969482422,185.64500427246094,13025700
2024-06-28,182.97128295898438,183.4199981689453,186.5800018310547,183.3249969482422,185.72000122070312,23032400
2024-07-01,184.03868103027344,184.49000549316406,185.33999633789062,182.72999572753906,184.47999572753906,11815900
2024-07-02,186.1534881591797,186.61000061035156,186.9499969482422,183.05999755859375,183.47000122070312,12555500
2024-07-03,186.93157958984375,187.38999938964844,187.6199951171875,185.38499450683594,186.3000030517578,7409100
2024-07-05,191.4904022216797,191.9600067138672,192.25999450683594,187.32000732421875,187.32000732421875,14303400
2024-07-08,190.01400756835938,190.47999572753906,191.6790008544922,189.32000732421875,191.36500549316406,12097600
2024-07-09,189.97410583496094,190.44000244140625,192.86000061035156,190.22999572753906,191.75,10198500
2024-07-10,192.18869018554688,192.66000366210938,193.30999755859375,190.6199951171875,190.75,12052900
2024-07-11,186.841796875,187.3000030517578,192.41000366210938,186.82000732421875,191.33999633789062,16452000
2024-07-12,186.3230743408203,186.77999877929688,188.69000244140625,186.13999938964844,186.9199981689453,14449100
2024-07-15,187.7296142578125,188.19000244140625,189.89999389648438,186.49000549316406,186.49000549316406,12186000
2024-07-16,185.04620361328125,185.5,190.33999633789062,185.1199951171875,188.9600067138672,12760100
2024-07-17,182.17323303222656,182.6199951171875,185.22999572753906,181.6199951171875,184.67999267578125,17376600
2024-07-18,178.7815704345703,179.22000122070312,184.0500030517578,178.2100067138672,183.5399932861328,17877200
2024-07-19,178.95114135742188,179.38999938964844,181.97000122070312,178.86000061035156,180.3699951171875,14485900
2024-07-22,182.90145874023438,183.35000610351562,184.3000030517578,181.89999389648438,182.35000610351562,16303900
2024-07-23,183.15086364746094,183.60000610351562,185.22000122070312,183.3300018310547,183.83999633789062,23772600
2024-07-24,173.94342041015625,174.3699951171875,177.9499969482422,173.57000732421875,175.38999938964844,31250700
2024-07-25,168.74618530273438,169.16000366210938,175.1999969482422,169.0500030517578,174.25,28967900
2024-07-26,168.267333984375,168.67999267578125,169.83999633789062,165.86500549316406,168.77000427246094,25150100
2024-07-29,170.71136474609375,171.1300048828125,172.16000366210938,169.72000122070312,170.5,13768900
2024-07-30,171.43955993652344,171.86000061035156,172.9499969482422,170.1199951171875,171.8300018310547,13681400
2024-07-31,172.72640991210938,173.14999389648438,175.91000366210938,171.72000122070312,174.9199981689453,15650200
2024-08-01,172.0281219482422,172.4499969482422,175.67999267578125,170.50999450683594,171.97999572753906,17177800
2024-08-02,167.98802185058594,168.39999389648438,170.2100067138672,166.38999938964844,168.19000244140625,18907800
2024-08-05,160.2470245361328,160.63999938964844,165.94000244140625,156.60000610351562,157.3699951171875,34907800
2024-08-06,160.14724731445312,160.5399932861328,162.35000610351562,158.1300048828125,160.94500732421875,36146500
2024-08-07,160.3567352294922,160.75,164.7899932861328,160.24000549316406,163.24000549316406,19334200
2024-08-08,163.43917846679688,163.83999633789062,165.5,162.02999877929688,162.343994140625,15733600
2024-08-09,164.9853973388672,165.38999938964844,165.52000427246094,160.92999267578125,161.64500427246094,13549200
2024-08-12,163.54891967773438,163.9499969482422,166.6999969482422,163.5500030517578,165.9949951171875,12435000
2024-08-13,165.52406311035156,165.92999267578125,166.5399932861328,164.77000427246094,165.18499755859375,12717600
2024-08-14,161.6336212158203,162.02999877929688,164.9600067138672,159.52999877929688,164.2100067138672,22515900
2024-08-15,162.7708282470703,163.1699981689453,163.52000427246094,161.49000549316406,162.2100067138672,18392500
2024-08-16,164.33700561523438,164.74000549316406,166.9499969482422,163.0800018310547,163.41000366210938,16853100
2024-08-19,167.98802185058594,168.39999389648438,168.47000122070312,166.08999633789062,167.0,13100800
2024-08-20,168.5466766357422,168.9600067138672,170.41000366210938,168.66000366210938,168.74000549316406,12622500
2024-08-21,167.2199249267578,167.6300048828125,168.63999938964844,166.57000732421875,166.99000549316406,15269600
2024-08-22,165.0851593017578,165.49000549316406,169.4199981689453,165.02999877929688,169.0399932861328,19123800
2024-08-23,167.02040100097656,167.42999267578125,167.9499969482422,165.66000366210938,166.5500030517578,14281600
2024-08-26,167.51918029785156,167.92999267578125,169.3800048828125,166.32000732421875,168.15499877929688,11990300
2024-08-27,165.9729766845703,166.3800048828125,168.2449951171875,166.16000366210938,167.61000061035156,13718200
2024-08-28,164.09756469726562,164.5,167.38999938964844,163.27999877929688,166.77999877929688,15208700
2024-08-29,163.00025939941406,163.39999389648438,167.6300048828125,161.98199462890625,166.05999755859375,17133800
2024-08-30,164.70608520507812,165.11000061035156,165.27999877929688,163.41000366210938,164.22000122070312,18498800
2024-09-03,158.22198486328125,158.61000061035156,163.3800048828125,157.85499572753906,163.31500244140625,26533100
2024-09-04,157.4239501953125,157.80999755859375,160.39999389648438,157.44000244140625,158.0749969482422,17410700
2024-09-05,158.21202087402344,158.60000610351562,161.01499938964844,157.52000427246094,157.77999877929688,14139500
2024-09-06,151.75784301757812,152.1300048828125,159.22000122070312,151.93499755859375,158.69000244140625,24999100
2024-09-09,149.3705291748047,149.5399932861328,154.63999938964844,148.1999969482422,153.6300048828125,28057700
2024-09-10,149.83999633789062,150.00999450683594,152.3000030517578,149.54299926757812,151.4499969482422,20401800
2024-09-11,151.97756958007812,152.14999389648438,152.47999572753906,148.6999969482422,151.08999633789062,18991500
2024-09-12,155.36373901367188,155.5399932861328,155.61000061035156,153.5,154.80999755859375,21024100
2024-09-13,158.19053649902344,158.3699951171875,159.27499389648438,156.11000061035156,156.36199951171875,16733900
2024-09-16,158.80984497070312,158.99000549316406,159.24000549316406,157.61000061035156,158.3300018310547,14157600
2024-09-17,160.09837341308594,160.27999877929688,161.58999633789062,159.41000366210938,160.08999633789062,12064800
2024-09-18,160.6277618408203,160.80999755859375,161.6300048828125,159.66000366210938,160.85000610351562,16756500
2024-09-19,163.05502319335938,163.24000549316406,164.99000549316406,162.52200317382812,164.82000732421875,17548200
2024-09-20,164.45343017578125,164.63999938964844,164.75,163.17999267578125,164.52000427246094,46362700
2024-09-23,162.88522338867188,163.07000732421875,166.61000061035156,162.9499969482422,165.33999633789062,15648400
2024-09-24,163.45455932617188,163.63999938964844,164.5500030517578,162.02999877929688,164.25,18774100
2024-09-25,162.8052978515625,162.99000549316406,164.2169952392578,162.77499389648438,162.97000122070312,13607900
2024-09-26,163.64434814453125,163.8300018310547,165.5,163.5,165.02999877929688,18234500
2024-09-27,165.10269165039062,165.2899932861328,166.97000122070312,163.8300018310547,163.91000366210938,13604300
2024-09-30,167.00054931640625,167.19000244140625,167.36000061035156,164.63999938964844,164.77999877929688,14070100
2024-10-01,168.22914123535156,168.4199981689453,170.44000244140625,165.89999389648438,168.86000061035156,18629500
2024-10-02,167.1204071044922,167.30999755859375,168.8800048828125,166.25,167.75999450683594,12745000
2024-10-03,167.02052307128906,167.2100067138672,167.91000366210938,165.3699951171875,165.82000732421875,11004300
2024-10-04,168.36898803710938,168.55999755859375,169.5500030517578,166.9600067138672,169.33999633789062,11422100
2024-10-07,164.20370483398438,164.38999938964844,169.89999389648438,164.1300048828125,169.13999938964844,14034700
2024-10-08,165.51222229003906,165.6999969482422,166.10000610351562,164.30999755859375,165.42999267578125,11723900
2024-10-09,162.87521362304688,163.05999755859375,166.25999450683594,161.1199951171875,164.85499572753906,19666400
2024-10-10,162.9950714111328,163.17999267578125,164.31100463867188,161.63999938964844,162.11000061035156,12900500
2024-10-11,164.3335723876953,164.52000427246094,165.27000427246094,162.5,163.3300018310547,10946000
2024-10-14,166.1614990234375,166.35000610351562,167.6199951171875,164.77999877929688,164.91000366210938,9981800
2024-10-15,166.7108612060547,166.89999389648438,169.08999633789062,166.0500030517578,167.13999938964844,14829300
2024-10-16,166.55105590820312,166.74000549316406,167.27999877929688,165.21600341796875,166.02999877929688,9968500
2024-10-17,164.32357788085938,164.50999450683594,167.92999267578125,164.3699951171875,167.3800048828125,15113400
2024-10-18,164.8629608154297,165.0500030517578,166.3699951171875,164.75,164.8699951171875,13091300
2024-10-21,165.61212158203125,165.8000030517578,166.22000122070312,164.30499267578125,164.5800018310547,11384000
2024-10-22,166.63096618652344,166.82000732421875,167.47000122070312,164.6699981689453,164.6999969482422,11958600
2024-10-23,164.29360961914062,164.47999572753906,167.60000610351562,163.63299560546875,166.42999267578125,12754300
2024-10-24,164.3435516357422,164.52999877929688,165.0500030517578,162.77000427246094,164.58999633789062,12764400
2024-10-25,166.80076599121094,166.99000549316406,167.39999389648438,165.22999572753906,165.36500549316406,14566400
2024-10-28,168.14923095703125,168.33999633789062,170.6060028076172,165.7899932861328,170.58999633789062,20858300
2024-10-29,170.94606018066406,171.13999938964844,171.86000061035156,168.66000366210938,169.38499450683594,28916100
2024-10-30,175.94039916992188,176.13999938964844,183.7899932861328,175.7449951171875,182.41000366210938,49698300
2024-10-31,172.4943084716797,172.69000244140625,178.4199981689453,172.55999755859375,174.72000122070312,32801900
2024-11-01,172.454345703125,172.64999389648438,173.82000732421875,170.30999755859375,171.5399932861328,21752900
2024-11-04,170.486572265625,170.67999267578125,171.9199981689453,169.48500061035156,171.24000549316406,16194000
2024-11-05,171.21575927734375,171.41000366210938,172.0970001220703,170.3699951171875,170.8300018310547,12518300
2024-11-06,178.12791442871094,178.3300018310547,178.63999938964844,175.0399932861328,175.35000610351562,27061500
2024-11-07,182.0734405517578,182.27999877929688,182.5800018310547,178.88999938964844,179.11000061035156,16730400
2024-11-08,179.65618896484375,179.86000061035156,182.35000610351562,179.57000732421875,182.0,15021500
2024-11-11,181.7637939453125,181.97000122070312,182.0850067138672,179.99000549316406,180.07000732421875,12503400
2024-11-12,183.11227416992188,183.32000732421875,184.02499389648438,180.99000549316406,181.3800048828125,14065800
2024-11-13,180.2854766845703,180.49000549316406,182.61500549316406,180.1199951171875,182.14999389648438,13969700
2024-11-14,177.14903259277344,177.35000610351562,180.44500732421875,176.02999877929688,179.75,17925800
2024-11-15,173.6929473876953,173.88999938964844,175.8800048828125,172.7449951171875,175.63999938964844,21708900
2024-11-18,176.5996551513672,176.8000030517578,176.91000366210938,174.4199981689453,174.9550018310547,18725400
2024-11-19,179.37649536132812,179.5800018310547,180.1699981689453,175.11599731445312,175.23500061035156,15392900
2024-11-20,177.12904357910156,177.3300018310547,179.11000061035156,175.3300018310547,178.8300018310547,15729800
2024-11-21,169.0482177734375,169.24000549316406,175.5800018310547,165.30999755859375,175.4550018310547,38839400
2024-11-22,166.38125610351562,166.57000732421875,168.26499938964844,165.7100067138672,167.16000366210938,24497000
2024-11-25,169.2379913330078,169.42999267578125,170.4600067138672,167.39999389648438,167.99000549316406,21395700
2024-11-26,170.42665100097656,170.6199951171875,171.4949951171875,169.42999267578125,169.49000549316406,14937500
2024-11-27,170.62643432617188,170.82000732421875,171.13999938964844,169.6699981689453,170.67999267578125,12433400
2024-11-29,170.2967987060547,170.49000549316406,170.8699951171875,168.75,170.05999755859375,9250700
2024-12-02,172.7839813232422,172.97999572753906,173.60000610351562,170.27000427246094,170.32000732421875,16593400
2024-12-03,172.82394409179688,173.02000427246094,174.32000732421875,172.50999450683594,173.1199951171875,15721500
2024-12-04,175.8904571533203,176.08999633789062,176.42999267578125,172.75,172.77999877929688,18239800
2024-12-05,174.1124725341797,174.30999755859375,177.7100067138672,174.00999450683594,177.32000732421875,16145500
2024-12-06,176.29000854492188,176.49000549316406,176.83900451660156,173.5500030517578,173.8800048828125,13319500
2024-12-09,177.10000610351562,177.10000610351562,178.0399932861328,175.39999389648438,175.71499633789062,19887800
2024-12-10,186.52999877929688,186.52999877929688,188.02999877929688,182.6699981689453,184.53500366210938,34317400
2024-12-11,196.7100067138672,196.7100067138672,196.88999938964844,186.25999450683594,186.6999969482422,41664500
2024-12-12,193.6300048828125,193.6300048828125,196.7050018310547,193.27999877929688,196.3000030517578,25197800
2024-12-13,191.3800048828125,191.3800048828125,194.33999633789062,191.25999450683594,192.7100067138672,18883200
2024-12-16,198.16000366210938,198.16000366210938,200.63999938964844,194.11000061035156,194.36500549316406,32248600
2024-12-17,197.1199951171875,197.1199951171875,202.8800048828125,196.69000244140625,198.52999877929688,24129500
2024-12-18,190.14999389648438,190.14999389648438,198.69000244140625,189.27999877929688,196.8300018310547,27638400
2024-12-19,189.6999969482422,189.6999969482422,194.60000610351562,189.52000427246094,193.27999877929688,26981200
2024-12-20,192.9600067138672,192.9600067138672,194.13499450683594,186.3699951171875,187.00999450683594,45319700
2024-12-23,195.99000549316406,195.99000549316406,196.49000549316406,191.6300048828125,194.02999877929688,15235900
2024-12-24,197.57000732421875,197.57000732421875,197.6699981689453,195.197998046875,196.1699981689453,6809800
2024-12-26,197.10000610351562,197.10000610351562,198.16000366210938,195.8699951171875,196.74000549316406,7907900
2024-12-27,194.0399932861328,194.0399932861328,196.8000030517578,191.9720001220703,196.47000122070312,14693000
2024-12-30,192.69000244140625,192.69000244140625,193.77999877929688,190.36000061035156,190.86500549316406,12209500
2024-12-31,190.44000244140625,190.44000244140625,193.25,189.5800018310547,192.44500732421875,14355200
2025-01-02,190.6300048828125,190.6300048828125,193.1999969482422,188.7100067138672,191.48500061035156,17545200
2025-01-03,193.1300048828125,193.1300048828125,194.5,191.35000610351562,192.72500610351562,12875000
2025-01-06,197.9600067138672,197.9600067138672,199.55999755859375,195.05999755859375,195.14999389648438,19483300
2025-01-07,196.7100067138672,196.7100067138672,202.13999938964844,195.94000244140625,198.27000427246094,16966800
2025-01-08,195.38999938964844,195.38999938964844,197.63999938964844,193.75,193.9499969482422,14335300
2025-01-10,193.1699981689453,193.1699981689453,197.6199951171875,191.60000610351562,195.4199981689453,20753800
2025-01-13,192.2899932861328,192.2899932861328,192.49000549316406,188.66000366210938,191.35000610351562,13169100
2025-01-14,191.0500030517578,191.0500030517578,193.27000427246094,189.63999938964844,192.5,13651200
2025-01-15,196.97999572753906,196.97999572753906,197.8000030517578,193.3300018310547,194.35000610351562,12894900
2025-01-16,194.41000366210938,194.41000366210938,196.97999572753906,194.3000030517578,195.8249969482422,13449600
2025-01-17,197.5500030517578,197.5500030517578,198.80999755859375,195.30999755859375,198.0500030517578,22109100
2025-01-21,199.6300048828125,199.6300048828125,203.83999633789062,199.44000244140625,200.50999450683594,19005200
2025-01-22,200.02999877929688,200.02999877929688,202.1199951171875,199.1999969482422,200.5500030517578,15477400
2025-01-23,199.5800018310547,199.5800018310547,201.94000244140625,196.82000732421875,199.97999572753906,15170800
2025-01-24,201.89999389648438,201.89999389648438,202.57000732421875,199.78399658203125,199.85000610351562,12732400
2025-01-27,193.77000427246094,193.77000427246094,198.6699981689453,192.6999969482422,194.19000244140625,24970200
2025-01-28,197.07000732421875,197.07000732421875,197.22999572753906,192.61000061035156,194.64999389648438,15939200
2025-01-29,197.17999267578125,197.17999267578125,198.4600067138672,195.19000244140625,197.3699951171875,12287800
2025-01-30,202.6300048828125,202.6300048828125,203.23800659179688,199.4720001220703,199.75999450683594,14571500
2025-01-31,205.60000610351562,205.60000610351562,207.0800018310547,203.5800018310547,203.71499633789062,17060300
